DROP DATABASE IF EXISTS Sales;
DROP DATABASE IF EXISTS Production;

-- Create Sales Database
CREATE DATABASE Sales;

-- Create Production Database
CREATE DATABASE Production;

-- Use Production Database
USE Production;

-- Create Production.Brands Table
 CREATE TABLE Production.Brands (
    brand_id INT PRIMARY KEY NOT NULL,
    brand_name VARCHAR(50) NULL DEFAULT NULL
);

-- Create Production.Categories Table
CREATE TABLE Production.Categories (
    category_id INT PRIMARY KEY NOT NULL,
    category_name VARCHAR(50) NULL DEFAULT NULL
);

-- Create Production.Products Table
CREATE TABLE Production.Products (
    product_id INT PRIMARY KEY NOT NULL,
    product_name VARCHAR(100)  NULL DEFAULT NULL,
    brand_id INT,
    category_id INT,
    model_year INT,
    list_price DECIMAL(10, 2),
    FOREIGN KEY (brand_id) REFERENCES Production.Brands(brand_id),
	FOREIGN KEY (category_id) REFERENCES Production.Categories(category_id)
    );
   
    -- Create Sales. Stores Table
CREATE TABLE Sales.Stores (
    store_id INT PRIMARY KEY NOT NULL,
    store_name VARCHAR(100),
    phone VARCHAR(15),
    email VARCHAR(100),
    street VARCHAR(100),
    city VARCHAR(50),
    state VARCHAR(50),
    zip_code VARCHAR(10)
);

-- Create Production.Stocks Table
CREATE TABLE Production.Stocks (
    store_id INT  NOT NULL,
    product_id INT  NOT NULL,
    quantity INT NULL DEFAULT NULL,
    PRIMARY KEY (store_id, product_id),
    FOREIGN KEY (store_id) REFERENCES Sales.Stores(store_id),
    FOREIGN KEY (product_id) REFERENCES Production.Products(product_id)
);

USE Sales;

-- Create Sales.Customers Table
CREATE TABLE Sales.Customers (
    customer_id INT PRIMARY KEY NOT NULL,
    first_name VARCHAR(50),
    last_name VARCHAR(50),
    phone VARCHAR(15),
    email VARCHAR(100),
    street VARCHAR(100),
    city VARCHAR(50),
    state VARCHAR(50),
    zip_code VARCHAR(10)
);

-- Create Sales.Staffs Table
CREATE TABLE Sales.Staffs (
    staff_id INT PRIMARY KEY NOT NULL,
    first_name VARCHAR(50),
    last_name VARCHAR(50),
    email VARCHAR(100),
    phone VARCHAR(15),
    active VARCHAR(15),
    store_id INT,
    manager_id INT,
    FOREIGN KEY (manager_id) REFERENCES Sales.Staffs(staff_id),
    FOREIGN KEY (store_id) REFERENCES Sales.Stores(store_id)
);

-- Create Sales.Orders Table
CREATE TABLE Sales.Orders (
    order_id INT PRIMARY KEY NOT NULL,
    customer_id INT,
    order_status VARCHAR(50),
    order_date DATE,
    Shipped_date DATE,
    required_date DATE,
    store_id INT,
    staff_id INT,
    FOREIGN KEY (customer_id) REFERENCES Sales.Customers(customer_id),
    FOREIGN KEY (store_id) REFERENCES Sales.Stores(store_id),
    FOREIGN KEY (staff_id) REFERENCES  Sales.Staffs(staff_id)
    );
    
    -- Create Sales.OrderItems Table
CREATE TABLE Sales.OrderItems (
    order_id INT NOT NULL,
    item_id INT NOT NULL,
    product_id INT,
    quantity INT,
    list_price DECIMAL(10, 2),
    discount VARCHAR(10),
    PRIMARY KEY (order_id, item_id),
    FOREIGN KEY (order_id) REFERENCES Sales.Orders(order_id),
    FOREIGN KEY (product_id) REFERENCES Production.Products(product_id)
);

INSERT INTO Production.Brands (brand_id, brand_name) VALUES
(701, 'Adidas'),
(702, 'Nike'),
(703, 'Puma'),
(704, 'Reebok'),
(705, 'Under Armour'),
(706, 'New Balance'),
(707, 'Converse'),
(708, 'Vans'),
(709, 'Fila'),
(710, 'Skechers'),
(711, 'ASICS'),
(712, 'Brooks'),
(713, 'Salomon'),
(714, 'Merrell'),
(715, 'Lacoste'),
(716, 'Timberland'),
(717, 'Dr. Martens'),
(718, 'Clarks'),
(719, 'Ecco'),
(720, 'Tommy Hilfiger'),
(721, 'Calvin Klein'),
(722, 'Gucci'),
(723, 'Louis Vuitton'),
(724, 'Prada'),
(725, 'Versace'),
(726, 'Balenciaga'),
(727, 'Chanel'),
(728, 'Dior'),
(729, 'Fendi'),
(730, 'Givenchy'),
(731, 'Hugo Boss'),
(732, 'Louboutin'),
(733, 'Valentino'),
(734, 'Zara'),
(735, 'H&M'),
(736, 'Forever 21'),
(737, 'Gap'),
(738, 'Uniqlo'),
(739, 'Levi’s'),
(740, 'Wrangler'),
(741, 'Diesel'),
(742, 'Guess'),
(743, 'Ralph Lauren'),
(744, 'Abercrombie & Fitch'),
(745, 'Hollister'),
(746, 'American Eagle'),
(747, 'Superdry'),
(748, 'The North Face'),
(749, 'Columbia'),
(750, 'Patagonia');

INSERT INTO production.categories(category_id, category_name)VALUES

(501, 'Footwear'),
(502, 'watches'),
(503, 'Accessories'),
(504, 'Luxury Brands'),
(505, 'Sportswear'),
(506, 'Casual Wear'),
(507, 'Designer Brands'),
(508, 'Outdoor Gear'),
(509, 'Athletic Shoes'),
(510, 'Sneakers'),
(511, 'Boots'),
(512, 'Sandals'),
(513, 'High-End Fashion'),
(514, 'Running Shoes'),
(515, 'Formal Wear'),
(516, 'Activewear'),
(517, 'Designer Shoes'),
(518, 'Streetwear'),
(519, 'Denim'),
(520, 'Luxury Accessories'),
(521, 'Performance Apparel'),
(522, 'Casual Shoes'),
(523, 'Fashion Accessories'),
(524, 'Dress Shoes'),
(525, 'Designer Clothing'),
(526, 'Hiking Gear'),
(527, 'Outdoor Footwear'),
(528, 'Luxury Apparel'),
(529, 'Sporty Fashion'),
(530, 'Premium Brands'),
(531, 'Urban Fashion'),
(532, 'Trendy Styles'),
(533, 'Classic Fashion'),
(534, 'Athleisure Wear'),
(535, 'Formal Shoes'),
(536, 'Running Apparel'),
(537, 'Outdoor Apparel'),
(538, 'Skate Shoes'),
(539, 'Travel and Luggage'),
(540, 'Luxury Footwear'),
(541, 'Fashion Sneakers'),
(542, 'Street Style'),
(543, 'Adventure Gear'),
(544, 'Performance Shoes'),
(545, 'Outdoor Lifestyle'),
(546, 'Business Attire'),
(547, 'Active Lifestyle'),
(548, 'Winter Wear'),
(549, 'Premium Footwear'),
(550, 'Casual Sneakers');

INSERT INTO Production.Products (product_id, product_name, brand_id, category_id, model_year, list_price)VALUES
(601, 'Running Shoes X1',701,501,2023, 99.99),
(602, 'Running Shoes X1',701,501,2023, 29.99),
(603, 'Running Shoes X1',701,501,2023, 79.99),
(604, 'Running Shoes X1',701,501,2023, 14.99),
(605, 'Running Shoes X1',701,501,2023, 129.99),
(606, 'Running Watch F7',741,502,2023, 69.99),
(607, 'Running Watch F7',741,502,2023, 299.99),
(608, 'Running Watch F7',741,502,2023, 79.99),
(609, 'Running Watch F7',741,502,2023, 199.99),
(610, 'Running Watch F7',741,502,2023, 49.99),
(611, 'Luxury Sunglasses I8',734,503,2023, 129.99),
(612, 'Luxury Sunglasses I8',734,503,2023, 159.99),
(613, 'Luxury Sunglasses I8',734,503,2023, 109.99),
(614, 'Luxury Sunglasses I8',734,503,2023, 89.99),
(615, 'Luxury Sunglasses I8',734,503,2023, 39.99),
(616, 'Designer Wallet N7',723,520,2023, 89.99),
(617, 'Designer Wallet N7',723,520,2023, 79.99),
(618, 'Designer Wallet N7',723,520,2023, 49.99),
(619, 'Designer Wallet N7',723,520,2023, 69.99),
(620, 'Designer Wallet N7',723,520,2023, 199.99),
(621, 'Designer Wallet N7',723,520,2023, 249.99),
(622, 'Designer Wallet N7',723,520,2023, 34.99),
(623, 'Designer Scarf T9',724,523,2023, 89.99),
(624, 'Denim Jeans W2',735,519,2023, 129.99),
(625, 'Denim Jeans W2',735,519,2023, 44.99),
(626, 'Denim Jeans W2',735,519,2023, 59.99),
(627, 'Denim Jeans W3',739,519,2023, 149.99),
(628, 'Denim Jeans W3',739,519,2023, 39.99),
(629, 'Streetwear Sneakers E2',709,550,2023, 19.99),
(630, 'Streetwear Sneakers E2',709,550,2023, 59.99),
(631, 'Streetwear Sneakers E2',709,550,2023, 119.99),
(632, 'Streetwear Sneakers E2',709,550,2023, 69.99),
(633, 'Performance Socks D7',703,515,2023, 9.99),
(634, 'Luxury Earrings L7',725,523,2023, 79.99),
(635, 'Luxury Earrings L7',725,523,2023, 179.99),
(636, 'Luxury Earrings L7',725,523,2023, 89.99),
(637, 'Luxury Earrings L7',725,523,2023, 7.99),
(638, 'Casual Loafers J1',726,522,2023, 79.99),
(639, 'Casual Loafers J1',726,522,2023, 49.99),
(640, 'Performance Water Bottle P3',741,521,2023, 29.99),
(641, 'Performance Water Bottle P3',741,521,2023, 99.99),
(642, 'Performance Water Bottle P3',741,521,2023, 24.99),
(643, 'Performance Water Bottle P3',741,521,2023, 69.99),
(644, 'Athleisure Leggings Q6',748,529,2023, 19.99),
(645, 'Athleisure Leggings Q6',748,529,2023, 12.99),
(646, 'Athleisure Leggings Q6',748,529,2023, 34.99),
(647,'Denim Jacket I6',721,529,2023, 129.99),
(648,'Denim Jacket I6',721,529,2023, 399.99),
(649,'Denim Jacket I6',721,529,2023, 24.99),
(650,'Denim Jacket I6',721,529,2023, 59.99);

INSERT INTO Sales.Stores (store_id, store_name, phone, email, street, city, state, zip_code)VALUES
(401, 'Sports Haven', '123-456-7890', 'sports_haven@example.com', '123 Main St', 'Anytown', 'CA', '12345'),
(402, 'Fashion Emporium', '234-567-8901', 'fashion_emporium@example.com', '456 Elm St', 'Fashion City', 'NY', '23456'),
(403, 'Tech Paradise', '345-678-9012', 'tech_paradise@example.com', '789 Oak St', 'Gadget Town', 'TX', '34567'),
(404, 'Home Essentials', '456-789-0123', 'home_essentials@example.com', '012 Pine St', 'Homestead', 'FL', '45678'),
(405, 'Outdoor Oasis', '567-890-1234', 'outdoor_oasis@example.com', '345 Cedar St', 'Natureville', 'AZ', '56789'),
(406, 'Beauty Boutique', '678-901-2345', 'beauty_boutique@example.com', '678 Birch St', 'Glam City', 'CA', '67890'),
(407, 'Book Haven', '789-012-3456', 'book_haven@example.com', '901 Maple St', 'Readsburg', 'NY', '78901'),
(408, 'Sports Authority', '890-123-4567', 'sports_authority@example.com', '234 Redwood St', 'Activeville', 'TX', '89012'),
(409, 'Toy Land', '901-234-5678', 'toy_land@example.com', '567 Sycamore St', 'Playtown', 'FL', '90123'),
(410, 'Health Corner', '012-345-6789', 'health_corner@example.com', '890 Pineapple St', 'Wellnessburg', 'CA', '01234'),
(411, 'Auto Haven', '123-456-7890', 'auto_haven@example.com', '456 Lemon St', 'Motor City', 'NY', '12345'),
(412, 'Jewel City', '234-567-8901', 'jewel_city@example.com', '789 Peach St', 'Gemstown', 'TX', '23456'),
(413, 'Kitchen Kingdom', '345-678-9012', 'kitchen_kingdom@example.com', '012 Cherry St', 'Culinaryville', 'FL', '34567'),
(414, 'Electro Hub', '456-789-0123', 'electro_hub@example.com', '345 Banana St', 'Techburg', 'AZ', '45678'),
(415, 'Furniture Palace', '567-890-1234', 'furniture_palace@example.com', '678 Grape St', 'Decor City', 'CA', '56789'),
(416, 'Garden Oasis', '678-901-2345', 'garden_oasis@example.com', '901 Strawberry St', 'Greenfield', 'NY', '67890'),
(417, 'Pet Paradise', '789-012-3456', 'pet_paradise@example.com', '234 Watermelon St', 'Pawtown', 'TX', '78901'),
(418, 'Kids Haven', '890-123-4567', 'kids_haven@example.com', '567 Blueberry St', 'Kidsworld', 'FL', '89012'),
(419, 'Crafters Corner', '901-234-5678', 'crafters_corner@example.com', '890 Raspberry St', 'Artsville', 'CA', '90123'),
(420, 'Party Palace', '012-345-6789', 'party_palace@example.com', '123 Mango St', 'Festivityville', 'NY', '01234'),
(421, 'Travel Hub', '123-456-7890', 'travel_hub@example.com', '456 Avocado St', 'Wanderlust City', 'TX', '12345'),
(422, 'Art Gallery', '234-567-8901', 'art_gallery@example.com', '789 Papaya St', 'Creativeburg', 'FL', '23456'),
(423, 'Music Melody', '345-678-9012', 'music_melody@example.com', '012 Coconut St', 'Harmonyville', 'AZ', '34567'),
(424, 'Entertainment Haven', '456-789-0123', 'entertainment_haven@example.com', '345 Kiwi St', 'Showtown', 'CA', '45678'),
(425, 'Fitness Hub', '567-890-1234', 'fitness_hub@example.com', '678 Pine St', 'Gymville', 'NY', '56789'),
(426, 'Denim Den', '678-901-2345', 'denim_den@example.com', '901 Walnut St', 'Jeansburg', 'TX', '67890'),
(427, 'Luxury Emporium', '789-012-3456', 'luxury_emporium@example.com', '234 Olive St', 'Opulence City', 'FL', '78901'),
(428, 'Casual Couture', '890-123-4567', 'casual_couture@example.com', '567 Tangerine St', 'Chicville', 'CA', '89012'),
(429, 'Adventure Gear', '901-234-5678', 'adventure_gear@example.com', '890 Plum St', 'Explorer City', 'AZ', '90123'),
(430, 'Outdoor Outfitters', '012-345-6789', 'outdoor_outfitters@example.com', '123 Orange St', 'Outdoorsville', 'NY', '01234'),
(431, 'Luxury Living', '123-456-7890', 'luxury_living@example.com', '456 Banana St', 'Elite Estates', 'TX', '12345'),
(432, 'Denim Dreams', '234-567-8901', 'denim_dreams@example.com', '789 Lemon St', 'Fashion Haven', 'FL', '23456'),
(433, 'Performance Paradise', '345-678-9012', 'performance_paradise@example.com', '012 Grape St', 'Fitburg', 'CA', '34567'),
(434, 'Streetwear City', '456-789-0123', 'streetwear_city@example.com', '345 Apple St', 'Urbanville', 'NY', '45678'),
(435, 'Casual Comfort', '567-890-1234', 'casual_comfort@example.com', '678 Mango St', 'Relaxationburg', 'TX', '56789'),
(436, 'Tech Trends', '678-901-2345', 'tech_trends@example.com', '901 Kiwi St', 'Innovation City', 'FL', '67890'),
(437, 'Toy Town', '789-012-3456', 'toy_town@example.com', '234 Coconut St', 'Playfulburg', 'AZ', '78901'),
(438, 'Health Hub', '890-123-4567', 'health_hub@example.com', '567 Avocado St', 'Wellbeing City', 'CA', '89012'),
(439, 'Auto Arena', '901-234-5678', 'auto_arena@example.com', '890 Papaya St', 'Auto City', 'NY', '90123'),
(440, 'Jewelry Junction', '012-345-6789', 'jewelry_junction@example.com', '123 Peach St', 'Gemville', 'TX', '01234'),
(441, 'Kitchen Kouture', '123-456-7890', 'kitchen_kouture@example.com', '456 Pineapple St', 'Culinary City', 'FL', '12345'),
(442, 'Electro Elegance', '234-567-8901', 'electro_elegance@example.com', '789 Strawberry St', 'Tech Haven', 'CA', '23456'),
(443, 'Furniture Fashion', '345-678-9012', 'furniture_fashion@example.com', '012 Plum St', 'Design District', 'NY', '34567'),
(444, 'Garden Gala', '456-789-0123', 'garden_gala@example.com', '345 Raspberry St', 'Blossomville', 'TX', '45678'),
(445, 'Pet Palace', '567-890-1234', 'pet_palace@example.com', '678 Blueberry St', 'Pet Haven', 'FL', '56789'),
(446, 'Kids Corner', '678-901-2345', 'kids_corner@example.com', '901 Watermelon St', 'Playland', 'CA', '67890'),
(447, 'Crafters Cove', '789-012-3456', 'crafters_cove@example.com', '234 Pine St', 'Artsville', 'AZ', '78901'),
(448, 'Party Plaza', '890-123-4567', 'party_plaza@example.com', '567 Mango St', 'Celebration City', 'NY', '89012'),
(449, 'Travel Treasures', '901-234-5678', 'travel_treasures@example.com', '890 Orange St', 'Voyageville', 'TX', '90123'),
(450, 'Artistic Attire', '012-345-6789', 'artistic_attire@example.com', '123 Apple St', 'Creativity City', 'FL', '01234');


INSERT INTO production.stocks (store_id, product_id, quantity)VALUES
(401,601, 50),
(402,601, 75),
(403,601, 30),
(404,601, 40),
(405,601, 60),
(406,612, 25),
(407,612, 90),
(408,612, 20),
(409,612, 35),
(410,612, 80),
(411,612, 100),
(412,612, 45),
(413,612, 55),
(414,620, 70),
(415,620, 18),
(416,620, 30),
(417,620, 65),
(418,620, 15),
(419,620, 50),
(420,620, 25),
(421,620, 60),
(422,620, 75),
(423,620, 40),
(424,626, 22),
(425,626, 48),
(426,626, 70),
(427,626, 33),
(428,626, 18),
(429,626, 55),
(430,626, 68),
(431,626, 90),
(432,648, 20),
(433,648, 95),
(434,648, 33),
(435,648, 48),
(436,648, 40),
(437,648, 60),
(438,648, 12),
(439,648, 80),
(440,648, 20),
(441,641, 30),
(442,641, 75),
(443,641, 20),
(444,641, 40),
(445,641, 90),
(446,641, 15),
(447,630, 55),
(448,630, 25),
(449,630, 35),
(450,630, 80);


INSERT INTO Sales.Customers (customer_id, first_name, last_name, phone, email, street, city, state, zip_code)VALUES
(101, 'John', 'Doe', '555-1234', 'john.doe@example.com', '123 Main St', 'Anytown', 'CA', '12345'),
(102, 'Jane', 'Smith', '555-5678', 'jane.smith@example.com', '456 Oak St', 'Somewhere', 'NY', '67890'),
(103, 'Bob', 'Johnson', '555-9876', 'bob.johnson@example.com', '789 Pine St', 'Nowhere', 'TX', '54321'),
(104, 'Alice', 'Williams', '555-8765', 'alice.williams@example.com', '101 Maple St', 'Everywhere', 'FL', '87654'),
(105, 'Charlie', 'Brown', '555-5432', 'charlie.brown@example.com', '202 Birch St', 'Anyplace', 'OH', '23456'),
(106, 'Emily', 'Jones', '555-1111', 'emily.jones@example.com', '303 Cedar St', 'Noway', 'OR', '11111'),
(107, 'David', 'Davis', '555-2222', 'david.davis@example.com', '404 Pine St', 'Elsewhere', 'AZ', '22222'),
(108, 'Grace', 'Wilson', '555-3333', 'grace.wilson@example.com', '505 Elm St', 'Nowhence', 'NC', '33333'),
(109, 'Michael', 'Miller', '555-4444', 'michael.miller@example.com', '606 Oak St', 'Heretown', 'GA', '44444'),
(110, 'Olivia', 'Moore', '555-5555', 'olivia.moore@example.com', '707 Maple St', 'Theretown', 'LA', '55555'),
(111, 'Daniel', 'Martinez', '555-6666', 'daniel.martinez@example.com', '808 Cedar St', 'Anyville', 'TX', '66666'),
(112, 'Ava', 'Jones', '555-7777', 'ava.jones@example.com', '909 Pine St', 'Nowhen', 'CA', '77777'),
(113, 'Ethan', 'White', '555-8888', 'ethan.white@example.com', '1010 Elm St', 'Hereland', 'NY', '88888'),
(114, 'Mia', 'Lee', '555-9999', 'mia.lee@example.com', '1111 Oak St', 'Elsewhence', 'FL', '99999'),
(115, 'Liam', 'Taylor', '555-1230', 'liam.taylor@example.com', '1212 Maple St', 'Heretofore', 'OH', '01234'),
(116, 'Isabella', 'Johnson', '555-4567', 'isabella.johnson@example.com', '1313 Pine St', 'Nowhither', 'AZ', '34567'),
(117, 'Aiden', 'Brown', '555-7654', 'aiden.brown@example.com', '1414 Cedar St', 'Somewhen', 'GA', '67890'),
(118, 'Sophia', 'Davis', '555-8765', 'sophia.davis@example.com', '1515 Birch St', 'Hereandnow', 'WA', '87654'),
(119, 'Jackson', 'Moore', '555-4321', 'jackson.moore@example.com', '1616 Oak St', 'Anywhence', 'TX', '23456'),
(120, 'Olivia', 'Thomas', '555-5678', 'olivia.thomas@example.com', '1717 Elm St', 'Elsewhither', 'CA', '56789'),
(121, 'Lucas', 'Johnson', '555-9876', 'lucas.johnson@example.com', '1818 Pine St', 'Nowhenceforth', 'NY', '98765'),
(122, 'Emma', 'Anderson', '555-2345', 'emma.anderson@example.com', '1919 Maple St', 'Nowheretofore', 'FL', '34567'),
(123, 'Liam', 'Hall', '555-8765', 'liam.hall@example.com', '2020 Cedar St', 'Anywhither', 'OH', '65432'),
(124, 'Ava', 'White', '555-3456', 'ava.white@example.com', '2121 Birch St', 'Elsewhenever', 'TX', '87654'),
(125, 'Noah', 'Lee', '555-6543', 'noah.lee@example.com', '2222 Elm St', 'Nowhitherto', 'LA', '23456'),
(126, 'Sophia', 'Brown', '555-7890', 'sophia.brown@example.com', '2323 Oak St', 'Somewhenever', 'NC', '76543'),
(127, 'Jackson', 'Thomas', '555-8901', 'jackson.thomas@example.com', '2424 Pine St', 'Herewhence', 'GA', '87654'),
(128, 'Aiden', 'Smith', '555-0123', 'aiden.smith@example.com', '2525 Cedar St', 'Nowhenceforward', 'WA', '98765'),
(129, 'Olivia', 'Jones', '555-2109', 'olivia.jones@example.com', '2626 Maple St', 'Elsewhenceness', 'NY', '10987'),
(130, 'Lucas', 'Moore', '555-3210', 'lucas.moore@example.com', '2727 Elm St', 'Nowhithertofore', 'FL', '21098'),
(131, 'Emma', 'Davis', '555-4321', 'emma.davis@example.com', '2828 Oak St', 'Anywhitherto', 'OH', '32109'),
(132, 'Mia', 'Miller', '555-5432', 'mia.miller@example.com', '2929 Pine St', 'Herewhither', 'TX', '43210'),
(133, 'Ava', 'Martin', '555-6543', 'ava.martin@example.com', '3030 Cedar St', 'Nowhenceforwards', 'CA', '54321'),
(134, 'Noah', 'Anderson', '555-7654', 'noah.anderson@example.com', '3131 Birch St', 'Elsewhitherto', 'NY', '65432'),
(135, 'Sophia', 'Brown', '555-8765', 'sophia.brown@example.com', '3232 Elm St', 'Herewithal', 'FL', '76543'),
(136, 'Jackson', 'Taylor', '555-9876', 'jackson.taylor@example.com', '3333 Oak St', 'Anywhithence', 'OH', '87654'),
(137, 'Aiden', 'Thomas', '555-0987', 'aiden.thomas@example.com', '3434 Pine St', 'Nowhitherto', 'TX', '98765'),
(138, 'Olivia', 'Williams', '555-2109', 'olivia.williams@example.com', '3535 Cedar St', 'Heretofore', 'CA', '10987'),
(139, 'Lucas', 'Johnson', '555-3210', 'lucas.johnson@example.com', '3636 Birch St', 'Anywhither', 'NY', '21098'),
(140, 'Emma', 'Moore', '555-4321', 'emma.moore@example.com', '3737 Elm St', 'Elsewhence', 'FL', '32109'),
(141, 'Mia', 'Smith', '555-5432', 'mia.smith@example.com', '3838 Oak St', 'Nowhither', 'OH', '43210'),
(142, 'Noah', 'Davis', '555-6543', 'noah.davis@example.com', '3939 Pine St', 'Heretoforth', 'TX', '54321'),
(143, 'Sophia', 'Lee', '555-7654', 'sophia.lee@example.com', '4040 Cedar St', 'Nowhencewith', 'CA', '65432'),
(144, 'Jackson', 'Brown', '555-8765', 'jackson.brown@example.com', '4141 Birch St', 'Elsewhitherward', 'NY', '76543'),
(145, 'Aiden', 'Johnson', '555-9876', 'aiden.johnson@example.com', '4242 Elm St', 'Anywhithertofore', 'FL', '87654'),
(146, 'Olivia', 'Miller', '555-2109', 'olivia.miller@example.com', '4343 Oak St', 'Herewith', 'OH', '10987'),
(147, 'Lucas', 'Moore', '555-3210', 'lucas.moore@example.com', '4444 Pine St', 'Nowherewithal', 'TX', '21098'),
(148, 'Emma', 'Smith', '555-4321', 'emma.smith@example.com', '4545 Cedar St', 'Anywhitherto', 'CA', '32109'),
(149, 'Mia', 'Davis', '555-5432', 'mia.davis@example.com', '4646 Birch St', 'Elsewhithal', 'NY', '43210'),
(150, 'Noah', 'Anderson', '555-6543', 'noah.anderson@example.com', '4747 Elm St', 'Nowherewith', 'FL', '54321');

INSERT INTO Sales.Staffs (staff_id, first_name, last_name, email, phone, active, store_id, manager_id) VALUES
(301, 'Alice', 'Smith', 'alice.smith@email.com', '555-111-1111','Yes',402, 301),
(302, 'James', 'Johnson', 'james.johnson@email.com', '555-222-2222','Yes',402, 302),
(303, 'Emily', 'Davis', 'emily.davis@email.com', '555-333-3333','Yes',402, 303),
(304, 'William', 'Brown', 'william.brown@email.com', '555-444-4444','Yes',408, 304),
(305, 'Sophia', 'Miller', 'sophia.miller@email.com', '555-555-5555','Yes',408, 305),
(306, 'Ethan', 'Garcia', 'ethan.garcia@email.com', '555-666-6666','Yes',408, 306),
(307, 'Ava', 'Martinez', 'ava.martinez@email.com', '555-777-7777','Yes',408, 307),
(308, 'Oliver', 'Taylor', 'oliver.taylor@email.com', '555-888-8888','Yes',435, 308),
(309, 'Emma', 'Clark', 'emma.clark@email.com', '555-999-9999','Yes',435, 309),
(310, 'Noah', 'Hill', 'noah.hill@email.com', '555-000-0000','Yes',435, 310),
(311, 'Mia', 'Turner', 'mia.turner@email.com', '555-111-1111','No',435, 311),
(312, 'Liam', 'Cooper', 'liam.cooper@email.com', '555-222-2222','No',435, 312),
(313, 'Isabella', 'Gomez', 'isabella.gomez@email.com', '555-333-3333','No',440, 313),
(314, 'Elijah', 'Ward', 'elijah.ward@email.com', '555-444-4444','No',440, 314),
(315, 'Avery', 'Fisher', 'avery.fisher@email.com', '555-555-5555','No',440, 315),
(316, 'Jackson', 'Bailey', 'jackson.bailey@email.com', '555-666-6666','No',440, 316),
(317, 'Lily', 'Barnes', 'lily.barnes@email.com', '555-777-7777','No',426, 317),
(318, 'Lucas', 'Reed', 'lucas.reed@email.com', '555-888-8888','No',426, 318),
(319, 'Evelyn', 'Wright', 'evelyn.wright@email.com', '555-999-9999','No',426, 319),
(320, 'Owen', 'Bennett', 'owen.bennett@email.com', '555-000-0000','Yes',426, 320),
(321, 'Aria', 'Harrison', 'aria.harrison@email.com', '555-111-1111','Yes',426, 321),
(322, 'Carter', 'Sullivan', 'carter.sullivan@email.com', '555-222-2222','Yes',426, 322),
(323, 'Hazel', 'Perry', 'hazel.perry@email.com', '555-333-3333','Yes',426, 323),
(324, 'Leo', 'Collins', 'leo.collins@email.com', '555-444-4444','Yes',426, 324),
(325, 'Zoe', 'Clark', 'zoe.clark@email.com', '555-555-5555','Yes',405, 325),
(326, 'Liam', 'Cooper', 'liam.cooper@email.com', '555-666-6666','Yes',405, 326),
(327, 'Mila', 'Evans', 'mila.evans@email.com', '555-777-7777','Yes',405, 327),
(328, 'Sebastian', 'Ward', 'sebastian.ward@email.com', '555-888-8888','Yes',405, 328),
(329, 'Aurora', 'Kelly', 'aurora.kelly@email.com', '555-999-9999','No',405, 329),
(330, 'Logan', 'Turner', 'logan.turner@email.com', '555-000-0000','No',405, 330),
(331, 'Chloe', 'Lopez', 'chloe.lopez@email.com', '555-111-1111','No',405, 331),
(332, 'Ezra', 'Ferguson', 'ezra.ferguson@email.com', '555-222-2222','No',408, 332),
(333, 'Aiden', 'Bennett', 'aiden.bennett@email.com', '555-333-3333','No',408, 333),
(334, 'Aria', 'Warren', 'aria.warren@email.com', '555-444-4444','No',408, 334),
(335, 'Mason', 'Sanders', 'mason.sanders@email.com', '555-555-5555','No',408, 335),
(336, 'Luna', 'Turner', 'luna.turner@email.com', '555-666-6666','No',408, 336),
(337, 'Caleb', 'Sullivan', 'caleb.sullivan@email.com', '555-777-7777','No',408, 337),
(338, 'Amelia', 'Smith', 'amelia.smith@email.com', '555-888-8888','No',408, 338),
(339, 'Wyatt', 'Cooper', 'wyatt.cooper@email.com', '555-999-9999','No',408, 339),
(340, 'Nora', 'Gardner', 'nora.gardner@email.com', '555-000-0000','No',408, 340),
(341, 'Henry', 'Bailey', 'henry.bailey@email.com', '555-111-1111','Yes',408, 341),
(342, 'Ella', 'Ferguson', 'ella.ferguson@email.com', '555-222-2222','Yes',402, 342),
(343, 'Olivia', 'Reed', 'olivia.reed@email.com', '555-333-3333','Yes',402, 343),
(344, 'Landon', 'Wood', 'landon.wood@email.com', '555-444-4444','Yes',402, 344),
(345, 'Ava', 'Ross', 'ava.ross@email.com', '555-555-5555','Yes',402, 345),
(346, 'Miles', 'Howard', 'miles.howard@email.com', '555-666-6666','Yes',402, 346),
(347, 'Scarlett', 'Fisher', 'scarlett.fisher@email.com', '555-777-7777','Yes',402, 347),
(348, 'Ethan', 'Reed', 'ethan.reed@email.com', '555-888-8888','Yes',402, 348),
(349, 'Aurora', 'Barnes', 'aurora.barnes@email.com', '555-999-9999','Yes',402, 349),
(350, 'Ezra', 'Clark', 'ezra.clark@email.com', '555-000-0000','Yes',402, 350);



INSERT INTO Sales.Orders (order_id, customer_id, order_status, order_date,Shipped_date, required_date, store_id, staff_id) VALUES
(201,101, 'Pending', '2023-03-01', '2023-03-10', '2023-03-10',402,301),
(202,101, 'Processing', '2023-03-02', '2023-03-11', '2023-03-11',402,301),
(203,101, 'Shipped', '2023-03-03', '2023-03-12', '2023-03-12',402,301),
(204,101, 'Delivered', '2023-03-04', '2023-03-13', '2023-03-13',408,304),
(205,101, 'Pending', '2023-03-05', '2023-03-14', '2023-03-14',408,305),
(206,106, 'Processing', '2023-03-06', '2023-03-15', '2023-03-15',408,306),
(207,107, 'Shipped', '2023-03-07', '2023-03-16', '2023-03-16',408,306),
(208,108, 'Delivered', '2023-03-08', '2023-03-17', '2023-03-17',408,306),
(209,109, 'Pending', '2023-03-09', '2023-03-18', '2023-03-18',408,306),
(210,110, 'Processing', '2023-03-10', '2023-03-19', '2023-03-19',408,306),
(211,111, 'Shipped', '2023-03-11', '2023-03-20', '2023-03-20',408,306),
(212,112, 'Delivered', '2023-03-12', '2023-03-21', '2023-03-21',435,312),
(213,113, 'Pending', '2023-03-13', '2023-03-22', '2023-03-22',440,313),
(214,114, 'Processing', '2023-03-14', '2023-03-23', '2023-03-23',440,314),
(215,115, 'Shipped', '2023-03-15', '2023-03-24', '2023-03-24',440,315),
(216,115, 'Delivered', '2023-03-16', '2023-03-25', '2023-03-25',440,316),
(217,115, 'Pending', '2023-03-17', '2023-03-26', '2023-03-26',426,317),
(218,118, 'Processing', '2023-03-18', '2023-03-27', '2023-03-27',426,318),
(219,119, 'Shipped', '2023-03-19', '2023-03-28', '2023-03-28',426,318),
(220,120, 'Delivered', '2023-03-20', '2023-03-29', '2023-03-29',426,318),
(221,121, 'Pending', '2023-03-21', '2023-03-30', '2023-03-30',426,318),
(222,122, 'Processing', '2023-03-22', '2023-03-31', '2023-03-31',426,318),
(223,122, 'Shipped', '2023-03-23', '2023-04-01', '2023-04-01',426,323),
(224,122, 'Delivered', '2023-03-24', '2023-04-02', '2023-04-02',426,324),
(225,122, 'Pending', '2023-03-25', '2023-04-03', '2023-04-03',405,325),
(226,126, 'Processing', '2023-03-26', '2023-04-04', '2023-04-04',405,326),
(227,127, 'Shipped', '2023-03-27', '2023-04-05', '2023-04-05',405,327),
(228,128, 'Delivered', '2023-03-28', '2023-04-06', '2023-04-06',405,328),
(229,129, 'Pending', '2023-03-29', '2023-04-07', '2023-04-07',405,329),
(230,130, 'Processing', '2023-03-30', '2023-04-08', '2023-04-08',405,330),
(231,130, 'Shipped', '2023-03-31', '2023-04-09', '2023-04-09',405,331),
(232,132, 'Delivered', '2023-04-01', '2023-04-10', '2023-04-10',408,332),
(233,133, 'Pending', '2023-04-02', '2023-04-11', '2023-04-11',408,332),
(234,134, 'Processing', '2023-04-03', '2023-04-12', '2023-04-12',408,332),
(235,135, 'Shipped', '2023-04-04', '2023-04-13', '2023-04-13',408,332),
(236,136, 'Delivered', '2023-04-05', '2023-04-14', '2023-04-14',408,332),
(237,137, 'Pending', '2023-04-06', '2023-04-15', '2023-04-15',408,337),
(238,138, 'Processing', '2023-04-07', '2023-04-16', '2023-04-16',408,338),
(239,139, 'Shipped', '2023-04-08', '2023-04-17', '2023-04-17',408,339),
(240,140, 'Delivered', '2023-04-09', '2023-04-18', '2023-04-18',408,340),
(241,141, 'Pending', '2023-04-10', '2023-04-19', '2023-04-19',408,341),
(242,141, 'Processing', '2023-04-11', '2023-04-20', '2023-04-20',402,342),
(243,141, 'Shipped', '2023-04-12', '2023-04-21', '2023-04-21',402,343),
(244,144, 'Delivered', '2023-04-13', '2023-04-22', '2023-04-22',402,344),
(245,145, 'Pending', '2023-04-14', '2023-04-23', '2023-04-23',402,344),
(246,146, 'Processing', '2023-04-15', '2023-04-24', '2023-04-24',402,346),
(247,147, 'Shipped', '2023-04-16', '2023-04-25', '2023-04-25',402,347),
(248,148, 'Delivered', '2023-04-17', '2023-04-26', '2023-04-26',402,348),
(249,149, 'Pending', '2023-04-18', '2023-04-27', '2023-04-27',402,349),
(250,150, 'Processing', '2023-04-19', '2023-04-28', '2023-04-28',402,350);


INSERT INTO Sales.orderitems (order_id, item_id, product_id, quantity, list_price, discount) VALUES
(201,801,601,2,99.99,'Yes'),
(202,802,602,1,149.99,'Yes'),
(203,803,603,3,49.99,'Yes'),
(204,804,604,2,199.99,'Yes'),
(205,805,605,1,79.99,'Yes'),
(206,806,606,4,129.99,'Yes'),
(207,807,607,1,299.99,'Yes'),
(208,808,608,2,89.99,'Yes'),
(209,809,609,1,19.99,'Yes'),
(210,810,610,3,149.99,'Yes'),
(211,811,611,2,69.99,'No'),
(212,812,612,1,399.99,'No'),
(213,813,613,4,59.99,'No'),
(214,814,614,2,249.99,'No'),
(215,815,615,1,129.99,'No'),
(216,816,616,3,179.99,'No'),
(217,817,617,2,119.99,'No'),
(218,818,618,1,199.99,'No'),
(219,819,619,4,29.99,'No'),
(220,820,620,1,89.99,'Yes'),
(221,821,621,3,39.99,'Yes'),
(222,822,622,2,179.99,'Yes'),
(223,823,623,1,119.99,'Yes'),
(224,824,624,4,49.99,'Yes'),
(225,825,625,2,149.99,'Yes'),
(226,826,626,1,199.99,'Yes'),
(227,827,627,3,99.99,'Yes'),
(228,828,628,2,249.99,'Yes'),
(229,829,629,1,69.99,'No'),
(230,830,630,4,129.99,'No'),
(231,831,631,1,299.99,'No'),
(232,832,632,2,89.99,'No'),
(233,833,633,1,19.99,'No'),
(234,834,634,3,149.99,'No'),
(235,835,635,2,69.99,'No'),
(236,836,636,1,399.99,'No'),
(237,837,637,4,59.99,'No'),
(238,838,638,2,249.99,'No'),
(239,839,639,1,129.99,'No'),
(240,840,640,3,179.99,'No'),
(241,841,641,2,119.99,'Yes'),
(242,842,642,1,199.99,'Yes'),
(243,843,643,4,29.99,'Yes'),
(244,844,644,1,89.99,'Yes'),
(245,845,645,3,39.99,'Yes'),
(246,846,646,2,179.99,'Yes'),
(247,847,647,1,119.99,'Yes'),
(248,848,648,4,49.99,'Yes'),
(249,849,649,2,149.99,'Yes'),
(250,850,650,1,199.99,'Yes');



